id,title,description,categories,tags,image,price,weight,pieces,label,my_order,created_at,updated_at
193,Чикаго,"Норі, рис, сир філадельфія, лосось, омлет, авокадо, тобіко.","2,13","1,6,8",4501.jpg,119.0,220,220,"2,3",1,2018-11-10 11:29:09,2018-11-10 11:29:09
191,Піраміда,"Норі,рис, сир філадельфія, огірок, тобіко, макрель, лосось","2,13","1,7,8",пырамыдаe.png,150.0,200,8,"2,3",2,2018-10-05 12:00:29,2018-10-23 22:45:22
179,Королівський рол,"Норі, рис, сир філадельфія, креветка, вугор, авокадо, кунжут.","2,13","2,3,6,8,9",королівський350.jpg,131.0,200,8,"2,3",3,2018-06-15 13:03:36,2018-10-23 22:43:57
177,Венеція,"Норі, рис, сир філадельфія, креветка, авокадо, лосось копчений","2,13","1,3,6,8",25._нагая_kyk9mhe.jpg,139.0,200,8,2,4,2018-06-11 14:32:25,2018-10-23 22:44:18
20,Дует,"Норі, рис, сир філадельфія,  огірок, авокадо, лосось, вугор.",2,"1,2,6,7,8,9",26._дует_49iOcQP.jpg,142.0,200,8,,5,2018-04-01 16:52:35,2018-10-23 22:47:47
189,Екзотика,"Норі, рис, сир філадельфія, креветка, ананас, вугор, лосось, унагі соус, кунжут.","2,13","1,2,3,8,9",екзотика.jpg,137.0,200,8,"2,3",6,2018-07-23 12:44:03,2018-10-23 22:44:38
21,Філадельфія,"Норі, рис, сир філадельфія, огірок, лосось.",2,"1,7,8",27.филадельфія_1wOGVn4.jpg,135.0,200,8,,7,2018-04-01 16:54:37,2018-10-23 22:44:51
24,Канада,"Норі, рис, сир філадельфія, авокадо, лосось, вугор, кунжут, соус унагі.",2,"1,2,6,8,9",кана350даge.jpg,155.0,200,8,,8,2018-04-01 17:05:41,2018-10-23 22:45:09
26,Орігате,"Норі, рис, сир, огірок, авокадо, тобіко, вугор, кунжут, унагі соус.",2,"2,6,7,8,9",33.орігате.jpg,145.0,200,8,,9,2018-04-01 17:18:13,2018-10-23 22:45:45
68,Сирний Дует,"Норі, рис, сир філадельфія, сир тофу, тобіко, масаго, авокадо, креветка.",2,"3,6,8",сирний_дует4.jpg,117.0,200,8,,10,2018-04-03 11:21:41,2018-10-23 22:46:34
157,Філадельфія люкс,"Норі, рис, сир філадельфія, авокадо, тобіко, масаго, лосось.",2,"1,6,8",выладельфыя_делюкс.jpg,139.0,200,0,2,11,2018-04-21 14:29:13,2018-10-23 22:46:54
192,Каліфорнія з макреллю,"Норі, рис, макрель, сир філадельфія, огірок, тобіко","2,13","7,8",калыфорныя_з_макркеллю.png,100.0,200,8,"2,3",12,2018-10-05 12:10:04,2018-10-05 12:10:04
32,Блек рол,"Норі, рис, сир філадельфія, вугор, огірок, лосось, тобіко.",2,"1,2,7,8",БЛЕК_РОЛ350age.jpg,125.0,200,8,,13,2018-04-01 17:56:40,2018-10-23 22:48:09
180,Батакон,"Норі, рис, сир філадельфія, огірок, лосось копчений, зелена цибуля, бекон.","2,13","1,7,8",веджытабелс_бекон_рол.jpg,109.0,200,8,2,14,2018-06-26 13:55:27,2018-06-26 13:55:27
31,Овара,"Норі, рис, сир філадельфія, лосось тереякі, огірок,  тобіко, масаго.",2,"1,7,8",39._овара_4ktORor.jpg,105.0,200,8,,15,2018-04-01 17:43:07,2018-10-23 22:48:30
22,Філадельфія з вугрем,"Норі, рис, сир філадельфія, огірок,  вугор,  лосось.",2,"1,2,7,8",viber_imоллage.png,145.0,190,8,,16,2018-04-01 16:56:49,2018-11-06 12:44:30
17,Футо макі,"Норі, рис, лосось, креветка, огірок, авокадо.",2,"1,3,6,7",13._футо_маки_9tJlzk4.jpg,99.0,190,8,,17,2018-04-01 16:43:21,2018-10-23 22:49:32
40,Боніто макі,"Норі, рис, лосось, тереякі, огірок, сир філадельфія, стружка тунця.",2,"1,4,7,8",22.боніто_маки.jpg,85.0,180,8,,18,2018-04-03 09:42:31,2018-10-23 22:49:55
27,Каліфорнія ебі,"Норі, рис, креветка, авокадо, омлет, майонез, тобіко.",2,"3,6",34._каліфорнія_еббі_O77KliJ.jpg,115.0,200,8,,19,2018-04-01 17:27:22,2018-06-26 14:23:23
28,Каліфорнія сяке,"Норі, рис, лосось, омлет, авокадо, майонез, тобіко.",2,"1,6",35.каліфорнія_сяке_k7RrsyX.jpg,121.0,200,8,,20,2018-04-01 17:29:10,2018-10-23 22:51:10
70,Зелений Дракон,"Норі, рис, сир філадельфія, авокадо, вугор, тобіко, кунжут, унагі соус.",2,"2,6,9",400.jpg,121.0,180,8,,21,2018-04-03 11:26:19,2018-10-23 22:43:33
18,Інь Янь,"Норі, рис, тунець,  лосось.",2,"1,4",14.інь_янь_ByKTnuO.jpg,115.0,200,8,,22,2018-04-01 16:45:03,2018-10-23 23:29:57
23,Маямі,"Норі, рис, сир філадельфія, лосось, ікра лососева.",2,"1,8",29._маямі_evOKe7F.jpg,139.0,200,8,,23,2018-04-01 17:00:50,2018-10-23 22:52:00
44,Рору,"Норі, рис, лосось тереякі, помідор, лист салата, сир філадельфія.",2,"1,8",19._рору.jpg,85.0,200,8,,24,2018-04-03 10:08:39,2018-10-23 22:56:02
183,Хаманіші,"Норі, рис, сир філадельфія, вугор, креветка, авокадо, горіховий соус, темпура.","4,13","2,3,6,8",хаманышы_450.jpg,145.0,220,8,"2,3",25,2018-07-21 09:58:35,2018-10-23 22:51:35
184,Гаряча креветка,"Норі, рис, сир філадельфія, лосось, креветка, авокадо, темпура, сухарі панко.","4,13","1,3,6,8",450_гаряча_креветка.jpg,135.0,220,8,"2,3",26,2018-07-21 10:00:32,2018-10-23 22:52:23
72,Кунсей,"Норі, рис, сир філадельфія, лосось копчений, огірок, кунжут.",2,9,49._кунсей.jpg,87.0,190,8,,27,2018-04-03 12:07:46,2018-10-23 22:53:13
73,Доміно,"Норі, рис, сир філадельфія, лосось копчений, огірок, цибуля зелена, кунжут.",2,"1,7,8,9",51._1доміно.jpg,85.0,190,8,,28,2018-04-03 12:11:18,2018-10-23 22:55:29
45,Норвезький,"Норі, рис, креветка, тобіко, огірок, сир філадельфія.",2,"3,7,8",20._норвезький_рол.jpg,85.0,180,8,,29,2018-04-03 10:12:48,2018-10-23 23:03:39
181,Сендвіч рол,"Норі, рис, сир філадельфія, курка копчена, огірок, спайс соус, бекон","2,13","7,8",бекон_рол.jpg,73.0,200,8,"1,2",30,2018-06-26 13:57:27,2018-06-26 13:57:27
153,Три сири,"Норі, рис, сир плавлений, сир тофу, сир філадельфія, майонез, кунжут.",2,8,Три_сири.jpg,76.0,180,0,,31,2018-04-20 16:02:11,2018-10-23 22:53:54
16,Лава макі,"Норі, рис, огірок, cоус лава",2,"5,7",11.лава_маки_SKhPVNt.jpg,75.0,140,8,,32,2018-04-01 16:41:08,2018-06-06 20:38:27
152,Чіз рол,"Норі, рис, плавлений сир, сир філадельфія, лист салата, помідор, тостовий сир.",2,8,чіз_з_помідором1_мал.jpg,69.0,200,0,,33,2018-04-20 15:59:40,2018-10-23 22:54:10
174,Парма,"Норі, рис, сир філадельфія, огірок, помідор, рукола,  прошутто крудо.",2,"7,8",Рол_парма.jpg,73.0,200,0,3,34,2018-05-14 12:03:59,2018-10-23 22:56:47
19,Сяке капа макі,"Норі, рис, лосось, огірок",2,"1,7",15._сяки_капа_маки_Q3xsGSx.jpg,65.0,150,8,,35,2018-04-01 16:48:17,2018-06-26 14:36:25
74,Вавилон,"Норі, рис, лосось, авокадо, сир філадельфія, кунжут.",2,"1,6,8,9",52._вавілон.jpg,84.0,200,8,,36,2018-04-03 12:13:51,2018-06-26 16:00:35
154,Чікен чіз рол,"Норі, рис, сир філадельфія, плавлений сир, курка копчена, сир тостовий, огірок, помідор.",2,8,чікен_чіз_рол.jpg,73.0,230,0,,37,2018-04-20 16:04:45,2018-06-26 14:57:37
42,Ніндзя,"Норі, рис, тунець, спайс соус, майонез, японський омлет, цибуля зелена, огірок, кунжут.",2,"4,7,9",43._ніндзя.jpg,81.0,190,8,1,38,2018-04-03 09:52:09,2018-06-26 14:04:34
34,Шахмати,"Норі, рис, вугор, креветка, огірок, майонез, тобіко, масаго.",2,"2,3,7",42._1шахмати_2WTWTtI.jpg,125.0,200,8,,39,2018-04-01 18:17:07,2018-10-23 22:57:48
43,Софт,"Норі, рис, сир філадельфія, креветка, японський омлет, огірок.",2,"3,7,8",16.софт_ролл.jpg,80.0,180,8,,40,2018-04-03 10:02:48,2018-10-23 22:56:25
33,Кіото рол,"Норі, рис, огірок ,курка копчена, сир філадельфія ,тобіко.",2,"7,8",41_кіото_рол_XDt3ueg.jpg,79.0,200,8,,41,2018-04-01 18:14:58,2018-06-06 20:38:27
30,Каліфорнія веган,"Норі, рис, авокадо, помідор, огірок, сир, тобіко.",2,"6,7,8",37._каліфорнія_вега_Jf5FoYi.jpg,89.0,200,8,,42,2018-04-01 17:38:23,2018-06-06 20:38:27
39,Кадзумі,"Норі ,рис, лосось тереякі, помідор, авокадо, майонез, тобіко, масаго, стружка тунця.",2,"1,6",21._кадзумі.jpg,95.0,180,8,,43,2018-04-03 09:36:06,2018-10-23 22:57:15
29,Каліфорнія унагі,"Норі, рис, вугор, японський омлет, майонез, тобіко, масаго.",2,2,36.каліфорнія_унагіА.jpg,121.0,180,8,,45,2018-04-01 17:35:03,2018-08-22 10:30:05
41,Боніто мікс,"Норі, рис, сир філадельфія, вугор, лосось, огірок, япоський омлет, стружка тунця.",2,"1,2,4,7,8",24_боніто_мікс.jpg,103.0,200,8,,46,2018-04-03 09:46:33,2018-06-26 15:45:18
77,Рол Ясай,"Норі, рис, лосось, лист салата, огірок, тобіко, масаго.",2,"1,7",18._біг_рол_88O2Ala.jpg,81.0,175,8,,47,2018-04-03 12:34:44,2018-06-26 15:59:56
71,Хияші,"Норі, рис, креветка  темпура, огірок, майонез, кунжут.",2,"3,7,9",481._хияші.jpg,88.0,190,8,,48,2018-04-03 12:05:28,2018-10-23 22:52:46
5,Сяке макі,"Норі, рис. лосось",2,1,сяке_макі.jpg,63.0,105,6,,49,2018-04-01 16:07:36,2018-10-23 22:55:07
6,Тека макі,"Норі, рис, тунець",2,4,тека_макі.jpg,66.0,105,6,,50,2018-04-01 16:10:10,2018-10-23 22:58:38
7,Унагі макі,"Норі. рис, вугор, унагі соус, кунжут",2,"2,9",унагі_макі.jpg,70.0,110,6,,51,2018-04-01 16:12:51,2018-10-23 23:06:28
8,Тека макі спайс,"Норі, рис,тунець,спайс соус",2,4,тека_макі_спайсі.jpg,69.0,110,6,1,52,2018-04-01 16:19:50,2018-10-23 23:00:08
9,Тамаго макі,"Норі, рис, омлет",2,,тамаго_макі.jpg,29.0,105,6,,53,2018-04-01 16:21:27,2018-06-06 20:38:27
10,Сівід макі,"Норі, рис,Чука сорадо,горіховий соус",2,,сівід_макі.jpg,35.0,110,6,,54,2018-04-01 16:24:48,2018-06-06 20:38:27
13,Унагі макі спайс,"Норі, рис, вугор, спайс соус",2,2,спайсі_унагі.jpg,67.0,115,6,1,55,2018-04-01 16:35:46,2018-06-06 20:38:27
14,Сяке Кунсей,"Норі, рис, лосось копчений, огірок",2,"1,7",10.Сяке_кунсей_u70wNfL.jpg,73.0,165,6,,56,2018-04-01 16:38:09,2018-10-23 22:54:44
4,Капа макі,"Норі, рис, огірок",2,7,каппа_макі.jpg,27.0,105,6,,57,2018-04-01 15:56:22,2018-06-06 20:38:26
15,Ікура макі,"Норі, рис, сир плавлений, огірок, ікра лососева.",2,7,12.3_ікура_маки_TcCm29p.jpg,66.0,120,8,,58,2018-04-01 16:39:33,2018-06-26 14:53:32
3,Авокадо макі,"Норі, рис, авокадо",2,6,авокадо_макі.jpg,34.0,105,6,,59,2018-04-01 15:55:03,2018-06-06 20:38:26
25,Унагі рору,"Норі, рис, лосось тереякі, лист салата, огірок, майонез, сир філадельфія, вугор.",2,"1,2,7,8",32._унагі_рору_F9rp6Ex.jpg,114.0,200,8,,60,2018-04-01 17:11:15,2018-06-06 20:38:27
46,Унагі нігірі,"Норі, рис, вугор, унагі соус, кунжут.",3,2,74._унагі_нігірі.jpg,29.0,30,1,,61,2018-04-03 10:17:47,2018-06-06 20:38:27
47,Сяке нігірі,"Рис, лосось",3,1,76._нігірі_сяке.jpg,24.0,30,1,,62,2018-04-03 10:20:41,2018-06-06 20:38:27
48,Магуро нігірі,"Рис,тунець",3,4,78._магуро_нігірі.jpg,27.0,30,1,,63,2018-04-03 10:22:12,2018-06-06 20:38:27
50,Нігірі Кунсей,"Рис, лосось копчений",3,1,76._нігірі_сяке_TF5YglP.jpg,25.0,30,1,,64,2018-04-03 10:25:26,2018-06-06 20:38:27
51,Спайс сяке,"Норі, рис, лосось, спайс соус.",3,1,66._спайсі_сяке_8SKzMsc.jpg,34.0,35,1,1,65,2018-04-03 10:28:59,2018-06-06 20:38:27
52,Спайс магуро,"Норі, рис, тунець, спайс соус.",3,4,67._спайсі_магуро.jpg,35.0,35,1,1,66,2018-04-03 10:30:23,2018-06-06 20:38:27
53,Спайс ебі,"Норі,рис, креветка, спайс ебі",3,3,68._спайсі_ебі.jpg,34.0,35,1,1,67,2018-04-03 10:32:36,2018-06-06 20:38:27
54,Спайс хотате,"Норі, рис, гребінець, спайс соус.",3,5,69._спайсігрибынець.jpg,40.0,35,1,1,68,2018-04-03 10:34:23,2018-06-06 20:38:28
55,Гункан Сівід,"Норі, рис, чука сорадо, горіховий соус.",3,,70.1_гункан_чука.jpg,22.0,35,1,,69,2018-04-03 10:35:57,2018-06-06 20:38:28
56,Гункан Тобіко блек,"Норі, рис, тобіко, масаго.",3,,71._гункан_тобіко_блек.jpg,27.0,35,1,,70,2018-04-03 10:37:14,2018-06-06 20:38:28
57,Гункан Тобіко оранж,"Норі, рис, тобіко.",3,,72._гункан_тобіко_оранж.jpg,27.0,35,1,,71,2018-04-03 10:38:57,2018-06-06 20:38:28
58,Гункан Ікура,"Норі, рис, ікра лососева.",3,,73._1гункан_ікура.jpg,35.0,35,1,,72,2018-04-03 10:40:08,2018-06-06 20:38:28
59,Хот Рол,"Норі, рис, лосось, вугор, авокадо, сир філадельфія, темпура.",4,"1,2,6,8",53._хот_ролл.jpg,123.0,220,8,,73,2018-04-03 10:44:08,2018-10-23 22:53:32
60,Гаряча філадельфія,"Норі, рис, сир філадельфія, лосось, темпура, сухарі панко.",4,"1,8",54._1гаряча_філадельфія.jpg,89.0,180,8,,74,2018-04-03 10:46:25,2018-10-23 22:59:36
61,Хот Темпура,"Норі, рис, сир філадельфія, лосось, креветка, огірок, спайс соус, темпура.",4,"1,3,7,8",55._хот_темпура.jpg,105.0,200,8,1,75,2018-04-03 10:51:55,2018-10-23 23:25:11
62,Хот Чікен,"Норі, рис, курка копчена, лист салата, спайс соус, темпура, сухарі панко.",4,8,56._хот_чікен.jpg,70.0,175,8,1,76,2018-04-03 10:59:23,2018-10-23 22:58:59
63,Осака,"Норі, рис, лосось, вугор, авокадо, темпура  сухарі панко.",4,"1,2,6",57._осака.jpg,114.0,200,8,,77,2018-04-03 11:08:11,2018-06-06 20:38:28
64,Цезар Рол,"Норі, рис, сир філадельфія, бекон, курка копчена, помідор, сухарі  панко, темпура.",4,8,58._цезар_рол.jpg,73.0,200,8,,78,2018-04-03 11:10:31,2018-10-23 23:25:45
65,Лава темпура,"Норі, рис, сир філадельфія, лосось, авокадо, соус лава, темпура, сухарі панко.",4,"1,5,6,8",59.1_Лава-Темпура.jpg,139.0,230,8,,79,2018-04-03 11:13:18,2018-06-06 20:38:28
66,Нагасаки,"Норі, рис, помідор, сир філадельфія, лосось копчений, цибуля зелена, темпура, сухарі панко.",4,"1,8",60._нагасакі.jpg,79.0,200,8,,80,2018-04-03 11:15:08,2018-06-06 20:38:28
67,Ікура Сяке,"Норі, рис, сир філадельфія, лосось, ікра лососева.",2,"1,8",61._ікура_сяке.jpg,110.0,175,8,,81,2018-04-03 11:19:23,2018-10-23 23:33:40
185,М'ясна 32 см,"Тісто, соус, моцарелла, салямі, шинка, баварські ковбаски, трави, пармезан.",7,,450.jpg,135.0,550,8,2,82,2018-07-21 11:12:00,2018-10-23 22:33:12
171,Руколона 32 см,"Тісто, соус, моцарелла, шинка, бекон, ананас, помідор, рукола.",7,8,РУКОЛОНА.jpg,125.0,500,0,2,85,2018-05-14 11:19:08,2018-10-23 22:41:02
78,Вітелія 32 см,"Тісто, моцарелла, вершки, шинка, чорнослив, ананас, трави, пармезан.",7,,вітелія.jpg,115.0,500,8,,86,2018-04-03 19:40:27,2018-10-23 22:40:11
79,Вегетаріанська 32 см,"Тісто, соус, моцарелла, оливки, помідор, початки кукурудзи, шампіньйони, трави.",7,,вегеріанська_MM2EwcZ.jpg,115.0,550,8,,87,2018-04-03 19:45:56,2018-10-23 22:34:06
80,Чотири м'яса 32 см,"Тісто, соус, моцарелла, салямі, бекон, шинка, курка, корнішони, зелена цибуля, трави.",7,,чотири_м_яса.jpg,135.0,550,8,,88,2018-04-03 19:52:17,2018-10-23 22:38:54
81,Мілано 32 см,"Тісто, соус, моцарелла, бекон, салямі, корнішони, шампіньйони, трави.",7,,мілано.jpg,125.0,550,8,,89,2018-04-03 19:58:14,2018-10-23 22:35:16
82,Кватро формаджі 32 см,"Тісто, соус, моцарелла, вершки, сир рікотта, дор блю, пармезан, трави.",7,,4_сири.jpg,155.0,550,8,,90,2018-04-03 20:00:39,2018-10-23 22:39:40
83,Гавайська 32 см,"Тісто, соус, моцарелла, вершки, курка, ананас, трави, пармезан.",7,,гавайська.jpg,119.0,550,8,,91,2018-04-03 20:03:42,2018-10-23 22:33:33
175,Прошутто 32 см,"Тісто, соус, моцарелла, прошутто крудо, помідорки чері, рукола, пармезан.",7,,прошуто_рукола_черы.jpg,145.0,550,8,2,93,2018-05-26 13:15:26,2018-10-23 22:39:17
187,Карбонара 32 см,"Тісто, вершково-яєчний соус, бекон, шампіньйони, пармезан.",7,,450-01.jpg,119.0,500,8,2,94,2018-07-21 11:22:14,2018-10-23 22:38:30
86,Грибна 32 см,"Тісто, соус, моцарелла, шампіньйони, опеньки, оливки, маслини, цибуля кримська,  трави.",7,,грибна.jpg,115.0,550,8,,95,2018-04-09 06:52:31,2018-10-23 22:37:16
88,Італьяні 32 см,"Тісто, соус, моцарелла, помідор, шинка, курка, бекон, салямі, перець болгарський, шампіньйони, трави.",7,,італьяні.jpg,135.0,600,8,,96,2018-04-09 07:12:29,2018-10-23 22:37:36
89,Селянська 32 см,"Тісто, соус, моцарелла, сялямі, картопля фрі, помідорки черрі, цибуля зелена, трави.",7,,селянська.jpg,119.0,500,8,,97,2018-04-09 07:31:01,2018-08-16 15:03:11
90,Салямі 32 см,"Тісто, соус, моцарелла, салямі, цибуля зелена, трави.",7,,салямі.jpg,125.0,500,8,,98,2018-04-09 07:35:49,2018-10-23 22:36:03
91,Капрічоза 32 см,"Тісто, соус, моцарелла, шинка, помідор, шампіньйони, трави.",7,,капричоза.jpg,119.0,550,8,,99,2018-04-09 07:38:32,2018-10-23 22:37:54
93,Мисо суп з лососем,"Лосось , сир тофу, водорослі вакаме.",5,1,Мисо_суп_з_лососем.jpg,80.0,300,0,,100,2018-04-09 08:19:30,2018-06-06 20:38:28
94,Мисо суп,"Сир тофу, водорослі вакаме, цибуля порей",5,8,Мисо_суп.jpg,65.0,300,0,,101,2018-04-09 18:48:45,2018-06-06 20:38:28
95,Мисо суп з креветками,"Креветки, сир тофу, водорослі вакаме, цибуля порей.",5,3,Мисо_суп_з_криветками.jpg,75.0,300,0,,102,2018-04-09 18:50:53,2018-06-06 20:38:28
96,Мисо суп з вугрем,"Вугор, кунжут, водорослі вакаме, сир тофу, цибуля порей.",5,2,Мисо_суп_з_вугрем.jpg,85.0,300,0,,103,2018-04-09 18:52:16,2018-06-06 20:38:28
97,Боржомі,Мінеральна вода вулканічного походження.,10,,боржомі_lwOrgNA.jpg,35.0,500,1,,104,2018-04-09 19:02:33,2018-06-06 20:38:28
98,Квінта Філона 32 см,"Тісто, соус, моцарелла, помідор, бекон, курка, оливки, трави.",7,,квінта_філона.jpg,119.0,550,8,,105,2018-04-10 19:33:59,2018-10-23 22:36:58
99,З лососем 32 см,"Тісто, моцарелла, вершки, лосось копчений, маслини, лимон, трави.",7,1,аль_сальмоне-01.jpg,179.0,500,8,,106,2018-04-10 19:40:40,2018-08-16 15:04:38
100,Фруті Де  Маре 32 см,"Тісто, соус, моцарелла, морський коктейль, помідорки черрі, лимон, трави.",7,,фруті_де_маре.jpg,139.0,550,8,,107,2018-04-10 19:43:04,2018-08-16 15:04:04
101,Марінара 32 см,"Тісто, соус, моцарелла, шампіньйони, курка, помідор, пармезан, трави.",7,,марінара.jpg,119.0,550,8,,108,2018-04-10 19:45:05,2018-10-23 23:36:59
102,З Шинкою та беконом 32 см,"Тісто, соус, моцарелла, бекон, шинка, цибуля кримська, трави.",7,,з_шинкою_та_беконом.jpg,119.0,500,8,,109,2018-04-10 19:49:14,2018-10-23 23:38:36
103,З   тунцем 32 см,"Тісто, моцарелла, тунець, корнішони, вершки, цибуля кримська, лимон, трави.",7,4,з_тунцем.jpg,179.0,520,8,,110,2018-04-10 19:51:43,2018-06-10 13:23:46
104,Неаполітана 32 см,"Тісто, соус, моцарелла, ковбаски баварські, салямі, помідор, оливки, трави.",7,,неаполітана.jpg,119.0,550,8,,111,2018-04-10 19:58:33,2018-08-16 15:08:39
105,Дитяча 32 см,"Тісто, соус, моцарелла, кукурудза, курка, помідор.",7,,дитяча.jpg,115.0,550,8,,112,2018-04-10 20:03:05,2018-10-23 23:32:43
106,Диявола 32 см,"Тісто, соус, моцарелла, чорізо, перець чілі, трави.",7,,диявола.jpg,119.0,500,8,1,113,2018-04-10 20:05:24,2018-08-16 15:12:16
107,Монтанара 32 см,"Тісто, соус, моцарелла, шинка, помідор, маслини, кукурудза, трави.",7,,монтанара.jpg,119.0,550,8,,114,2018-04-10 20:09:33,2018-10-23 23:38:05
186,М'ясна  50 см,"Тісто, соус, моцарелла, салямі, шинка, баварські ковбаски, трави, пармезан.",8,,450_50_см1.jpg,230.0,1000,8,2,115,2018-07-21 11:16:22,2018-10-23 22:09:58
108,Чотири м'яса 50 см,"Тісто, соус, моцарелла, салямі, бекон, шинка, курка, корнішони, зелена цибуля, трави",8,,4_мяса_nB5olBu.jpg,235.0,1000,8,,116,2018-04-10 20:14:38,2018-10-23 22:19:26
109,Кватро формаджі 50 см,"Тісто, соус, моцарелла, вершки, сир рікотта, сир дор блю, пармезан, трави.",8,,4_сири_NiQPhJv.jpg,260.0,1000,8,,117,2018-04-10 20:16:32,2018-06-10 13:39:59
110,Вегетаріанська 50 см,"Тісто, соус, моцарелла, оливки, помідор, початки кукурудзи, шампіньйони, трави.",8,,вегеріанська_fv9lw59.jpg,210.0,1100,8,,118,2018-04-10 20:19:31,2018-10-23 22:21:02
111,З лососем 50 см,"Тісто, моцарелла, вершки, лосось копчений, маслини, лимон, трави.",8,1,аль_сальмоне_SamNppW.jpg,309.0,870,8,,119,2018-04-10 20:25:17,2018-07-17 15:55:09
112,Вітелія 50 см,"Тісто, моцарелла, вершки, шинка, чорнослив, ананас, трави.",8,,вітелія_EPiJqHs.jpg,210.0,950,8,,120,2018-04-10 20:29:26,2018-10-23 22:21:40
113,Грибна 50 см,"Тісто, соус, моцарелла, шампіньйони, опеньки, оливки, маслини, трави.",8,,грибна_249LE9N.jpg,210.0,1000,8,,121,2018-04-10 20:34:31,2018-10-23 22:18:19
114,Дитяча 50 см,"Тісто, соус, моцарелла, кукурудза, курка, помідор.",8,,дитяча_jEZtxOv.jpg,210.0,1000,8,,122,2018-04-10 20:35:40,2018-10-23 22:17:29
115,Диявола 50 см,"Тісто, соус, моцарелла, чорізо, перець чілі, трави.",8,,диявола_cXE8EaB.jpg,220.0,950,8,1,123,2018-04-10 20:36:59,2018-10-23 22:29:41
116,Гавайська 50 см,"Тісто, соус, моцарелла, вершки, курка, ананас.",8,,гавайська_78LBv5B.jpg,210.0,1000,8,,124,2018-04-10 20:58:17,2018-10-23 22:22:16
118,Італьяні 50 см,"Тісто, соус, моцарелла, помідор, шинка, курка, бекон, салямі, перець болгарський, шампіньйони, трави.",8,,італьяні_9JEsNTC.jpg,235.0,1100,8,3,125,2018-04-10 21:01:20,2018-10-23 22:31:11
119,Капрічоза 50 см,"Тісто, соус. моцарелла, шинка, помідор, шампіньйони, трави.",8,,капричоза_1Sj1Q5q.jpg,210.0,1000,8,,126,2018-04-10 21:02:57,2018-10-23 22:16:44
120,Квінта філона 50 см,"Тісто, соус, моцарелла, помідор, бекон,  курка,  оливки, трави.",8,,квінта_філона_tahzbkP.jpg,215.0,1000,8,,127,2018-04-10 21:04:29,2018-10-23 22:23:00
121,Фруті де маре 50 см,"Тісто, соус, моцарелла, морський коктейль,  помідорки чері, лимон, трави.",8,,фруті_де_маре_EkuceKq.jpg,245.0,1000,8,,128,2018-04-10 21:05:54,2018-10-23 23:32:08
122,Ріва коста 50 см,"Тісто, моцарелла, вершки, вугор, креветки, цибуля порей, лимон, трави",8,,ріва_коста_DiHfU2W.jpg,399.0,960,8,,129,2018-04-10 21:07:16,2018-06-10 14:12:48
123,Селянська 50 см,"Тісто, соус, моцарелла, салямі, картопля фрі, помідорки чері, цибуля зелена, трави.",8,,селянська_SZUB00T.jpg,220.0,900,8,,130,2018-04-10 21:12:43,2018-10-23 22:28:02
124,Марінара 50 см,"Тісто, соус, моцарелла, шампіньйони, курка, помідор, пармезан, трави.",8,,марінара_O7udY6p.jpg,210.0,1000,8,,131,2018-04-10 21:14:29,2018-10-23 22:11:18
125,Мілано 50 см,"Тісто, соус, моцарелла, бекон, салямі, шампіньйони, корнішони, трави.",8,,з_салямі_та_беконом.jpg,220.0,1000,8,,132,2018-04-10 22:05:03,2018-10-23 22:24:56
126,З  тунцем 50 см,"Тісто, моцарелла, вершки, корнішони, тунець, цибуля кримська, лимон, трави.",8,4,з_тунцем_arv11pl.jpg,309.0,900,8,,133,2018-04-10 22:06:42,2018-06-10 14:18:17
127,З шинкою та беконом 50 см,"Тісто, соус, моцарелла, бекон, шинка, цибуля кримська, трави.",8,,з_шинкою_та_беконом_OwbhBPy.jpg,210.0,1000,8,,134,2018-04-10 22:08:21,2018-10-23 22:12:00
128,Неаполітана 50 см,"Тісто, соус, моцарелла, ковбаски баварські, салямі, помідор, оливки, трави.",8,,неаполітана_U3lKrKI.jpg,225.0,1000,8,,135,2018-04-10 22:09:50,2018-10-23 22:20:25
129,Маргарита 50 см,"Тісто, соус, моцарелла, помідор, трави, пармезан.",8,,маргарита.jpg,169.0,1000,8,,136,2018-04-10 22:10:58,2018-06-10 14:21:22
130,Салямі 50 см,"Тісто, соус,моцарелла, салямі, цибуля зелена, трави.",8,,салямі_vLnHtQW.jpg,220.0,950,8,,137,2018-04-10 22:12:03,2018-10-23 22:26:33
131,Монтанара 50 см,"Тісто, соус, моцарелла, шинка, помідор, маслини, кукурудза, трави.",8,,монтанара_lVWZbdk.jpg,210.0,1000,8,,138,2018-04-10 22:14:44,2018-10-23 22:15:45
132,Якудза 50 см,"Тісто, соус,  моцарелла,  чорізо,  перець болгарський, перець чілі, цибуля кримська, трави.","8,11",,якудза.jpg,220.0,1000,8,1,139,2018-04-10 22:16:35,2018-10-23 22:27:19
133,Ріва коста 32 см,"Тісто, моцарелла, вершки, вугор, креветки, цибуля порей, лимон , трави.",7,2,ріва_коста_rzeBOIp.jpg,239.0,550,8,,140,2018-04-10 22:22:20,2018-06-10 13:57:07
134,Маргарита 32 см,"Тісто, соус,  моцарелла, помідор,  трави, пармезан.",7,,маргарита_bFICtBv.jpg,99.0,600,8,,141,2018-04-10 22:24:24,2018-06-10 13:43:56
135,Якудза 32 см,"Тісто, соус, моцарелла, чорізо, перець болгарський, перець чілі, цибуля кримська, трави.",7,,якудза_mU3dhvg.jpg,119.0,600,8,1,142,2018-04-10 22:26:08,2018-06-10 13:51:30
136,Кока кола,"Coca Cola 0,5",10,,кока_кола.jpg,18.0,500,0,,143,2018-04-11 21:39:16,2018-06-06 20:38:29
137,Фанта,"Fanta 0,5",10,,фанта.jpg,18.0,500,0,,144,2018-04-11 21:40:30,2018-06-06 20:38:29
138,Спрайт,"Sprite 0,5",10,,спрайт.jpg,18.0,500,0,,145,2018-04-11 21:42:09,2018-06-06 20:38:29
139,Rich мультифрукт,Сік Rich мультифрукт 1 л.,10,,сік_річ_мультифрукт.jpg,35.0,1000,0,,146,2018-04-11 21:45:40,2018-10-23 23:34:09
140,Rich Яблуко,Сік Rich яблуко 1 л.,10,,сік_річ_яблучний.jpg,35.0,1000,0,,147,2018-04-11 21:46:52,2018-10-23 23:35:24
141,Rich Апельсин,Сік Rich апельсин 1л.,10,,сік_річ_апельсин.jpg,35.0,1000,0,,148,2018-04-11 21:47:51,2018-10-23 23:36:09
146,Ебі макі,"Норі, рис, криветка.",2,3,ебі_макі.jpg,64.0,105,0,,153,2018-04-16 17:50:07,2018-06-06 20:38:29
190,Токіо,"Хаманіші, хот чікен, гаряча креветка, гаряча філадельфія.","12,13","1,2,3,6,8",400_роз-01.jpg,385.0,800,24,"2,3",154,2018-08-06 13:47:22,2018-10-23 23:08:50
178,Тріо,"Дует, венеція, сирний дует.",12,"1,2,3,8",дует_сирний_дует_нагая.jpg,350.0,600,24,3,155,2018-06-11 14:40:44,2018-10-23 23:05:06
150,Унагі набір,"Орігате, зелений дракон, унагі макі, унагі нігірі 2 шт.",12,,СЕТ_УНАГІ.jpg,345.0,550,0,,156,2018-04-17 13:08:49,2018-10-23 23:07:35
149,Сяке набір,"Філадельфія, чикаго, сяке макі, нігірі сяке 2шт.",12,,сяке_новий.jpg,315.0,550,0,,157,2018-04-17 13:07:15,2018-12-08 10:02:26
182,Десятка,"Філадельфія люкс, королівський рол, кунсей, каліфорнія сяке, орігате, рору, авокадо макі, сяке макі, тека макі, боніто маки.",12,"1,2,3,8",біг__сет_1.jpg,770.0,1600,40,3,158,2018-06-26 15:55:07,2018-10-28 21:40:06
158,Сирний набір,"Чікен чіз рол, чіз рол, три сири, ікура маки.",12,8,сирний.jpg,249.0,700,0,2,159,2018-04-23 10:13:38,2018-10-23 23:22:23
148,Самурай,"Каліфорнія сяке, овара, шахмати, блек рол.",12,,САМУРАЙ.jpg,425.0,760,0,,160,2018-04-17 13:05:05,2018-10-23 23:11:25
147,Класика,"Тека макі, сяке макі, ебі макі, унагі макі.",12,"1,2,3,4",КЛАСИКА.jpg,245.0,420,0,,161,2018-04-17 13:02:04,2018-10-23 23:28:09
159,Мега набір,"Канада, маямі, чіз рол, каліфорнія ебі, сяке кунсей, інь янь, кадзумі, овара.",12,,мега_набір.jpg,740.0,1500,0,,163,2018-04-23 12:58:00,2018-10-23 23:21:14
156,Набір гурмана,"Піца Аль сальмоне 32 см, рол сяке кунсей, рол доміно.",12,1,копченого__лосося.jpg,289.0,850,0,,164,2018-04-21 09:40:16,2018-06-06 20:38:30
155,Набір для чотирьох,"Неаполітана 32 см, капрічоза 32 см, coca cola 4 шт",12,,піца_сет__4_особи.jpg,280.0,1200,0,,165,2018-04-21 09:20:38,2018-10-23 23:29:22
160,Імбир,Імбир маринований.,14,,імбир.jpg,6.0,30,0,,166,2018-04-26 14:05:49,2018-06-06 20:38:30
161,Васабі,Японський хрін,14,,васабі.jpg,5.0,20,0,,167,2018-04-26 14:09:10,2018-06-06 20:38:30
162,Спайс соус,Гострий японський соус.,14,,спайс_соус.jpg,15.0,35,0,1,168,2018-04-26 14:19:10,2018-06-06 20:38:30
163,Соєвий соус,Соєвий соус.,14,,соєвий_соус.jpg,15.0,100,0,,169,2018-04-26 14:39:27,2018-06-06 20:38:30
164,Горіховий соус,Ніжна кремова паста зі смаком кунжуту.,14,,горіховий_соус.jpg,25.0,40,0,,170,2018-04-27 13:00:38,2018-06-06 20:38:30
165,Чука сорадо,"Водорості хіяші вакаме, кунжут, горіховий соус.",5,,салат_чука.jpg,60.0,120,0,,171,2018-04-30 18:36:50,2018-06-06 20:38:30
166,Салат грецький,"Помідор, огірок, перець болгарський,  маслини, сир фета, цибуля кримська солодка, орегано, оливкова олія.",5,,грецький.jpg,70.0,200,0,2,172,2018-04-30 18:49:42,2018-10-23 23:33:08
167,Рол з фетою,"Норі, рис, огірок, помідор, перець болгарський, сир фета, лист салата, кунжут.",2,8,Грецький_рол.jpg,67.0,190,0,2,173,2018-05-02 14:40:26,2018-10-23 23:34:44
168,Вегетаріанський рол,"Норі, рис, сир тофу, помідор, авокадо,  огірок, лист салата.",2,"6,7,8",Вегетаріанський.jpg,62.0,200,0,2,174,2018-05-02 14:42:39,2018-07-21 10:38:25
169,Рол зі смаженим лососем,"Норі, рис, сир філадельфія, лосось тереякі, лист салата, кунжут.",2,1,2_рол.jpg,77.0,180,0,2,175,2018-05-02 14:56:00,2018-07-23 12:47:42
170,Грецька 32 см,"Тісто, соус, моцарелла, перець болгарський, помідорки чері, сир фета, рукола, цибуля кримська.",7,8,ГРЕЦЬКА.jpg,116.0,500,0,2,176,2018-05-14 11:16:28,2018-10-23 22:35:45
172,Руколона 50 см,"Тісто, соус, моцарелла, шинка, бекон, ананас, помідор, рукола.",8,8,РУКОЛОНА_50.jpg,220.0,1000,0,3,177,2018-05-14 11:20:07,2018-10-23 22:25:39
173,Грецька 50 см,"Тісто, соус, моцарелла, перець болгарський, помідорки чері, сир фета, рукола, цибуля кримська.",8,8,ГРЕЦЬКА_50.jpg,210.0,1000,0,3,178,2018-05-14 11:21:09,2018-10-23 22:14:46
176,Прошутто 50 см,"Тісто, соус, моцарелла, прошутто крудо, помідорки чері, рукола, пармезан.",8,,прошуто_рукола_черы_50_1.jpg,259.0,1000,8,3,179,2018-05-26 13:17:35,2018-10-23 22:14:04
188,Карбонара 50 см,"Тісто, вершково-яєчний соус, бекон, шампіньйони, пармезан.",8,,450_50_савм1.jpg,210.0,950,8,2,180,2018-07-21 11:23:36,2018-10-23 22:13:23
